use fluxy_db;

INSERT INTO pessoa (rua, numero, bairro, cidade, cep) VALUES
('Rua do Sol', '12', 'Vila Mariana', 'São Paulo', '04110-001'),
('Avenida das Nações', '100', 'Asa Sul', 'Brasília', '70380-100'),
('Rua das Laranjeiras', '45', 'Santa Teresa', 'Rio de Janeiro', '20240-003'),
('Rua Professor João', '88', 'Batel', 'Curitiba', '80420-090'),
('Travessa do Lago', '32', 'Boa Viagem', 'Recife', '51020-190'),
('Rua dos Cravos', '56', 'Centro', 'Fortaleza', '60025-060'),
('Alameda dos Ipês', '203', 'Jardim das Américas', 'Manaus', '69050-010'),
('Rua São Francisco', '44', 'Graça', 'Salvador', '40150-190'),
('Rua Dom Pedro', '71', 'Centro', 'Belém', '66035-000'),
('Rua da Esperança', '36', 'Ponta Verde', 'Maceió', '57035-180'),
('Avenida Beira Rio', '1500', 'São José', 'Joinville', '89223-005'),
('Rua General Osório', '110', 'Centro', 'Porto Alegre', '90010-000'),
('Rua das Camélias', '57', 'Jardim Botânico', 'Brasília', '70200-720'),
('Rua Tocantins', '39', 'Setor Central', 'Goiânia', '74020-040'),
('Rua Almirante Tamandaré', '99', 'São Pedro', 'Vitória', '29030-240'),
('Rua Afonso Pena', '401', 'Centro', 'Campo Grande', '79002-070'),
('Rua Minas Gerais', '76', 'Higienópolis', 'São Paulo', '01238-000'),
('Rua das Araras', '65', 'Vila Nova', 'Porto Velho', '76820-320'),
('Rua Paraíba', '70', 'Jardim Paulista', 'São Paulo', '01401-000'),
('Rua do Comércio', '222', 'Centro', 'Teresina', '64000-420'),
('Avenida das Araucárias', '312', 'Águas Claras', 'Brasília', '71920-540'),
('Rua do Cajueiro', '153', 'Imbiribeira', 'Recife', '51170-350'),
('Rua São Jorge', '82', 'Santa Efigênia', 'Belo Horizonte', '30110-021'),
('Avenida Rio Branco', '845', 'Centro', 'Rio de Janeiro', '20040-009'),
('Rua da Praia', '134', 'Praia de Iracema', 'Fortaleza', '60060-330'),
('Rua Florianópolis', '11', 'Centro', 'Florianópolis', '88010-400'),
('Rua Antônio Carlos', '52', 'Centro', 'Belo Horizonte', '30120-010'),
('Avenida Amazonas', '3000', 'Industrial', 'Contagem', '32013-280'),
('Rua 13 de Maio', '405', 'Centro', 'Campinas', '13010-160'),
('Rua Santa Clara', '220', 'Copacabana', 'Rio de Janeiro', '22041-011'),
('Rua Rio Grande do Sul', '65', 'Centro', 'Pelotas', '96010-300'),
('Rua Bahia', '314', 'Centro', 'Londrina', '86010-700'),
('Rua Pedro Álvares Cabral', '87', 'Jardim Primavera', 'Ribeirão Preto', '14025-140'),
('Rua Ceará', '50', 'Centro', 'Uberlândia', '38400-000'),
('Rua Maranhão', '233', 'Centro', 'São Luís', '65010-090'),
('Rua Sergipe', '18', 'Centro', 'Aracaju', '49010-110'),
('Rua Goiás', '91', 'Centro', 'Cuiabá', '78005-310'),
('Rua Espírito Santo', '190', 'Centro', 'Boa Vista', '69301-000'),
('Rua Rondônia', '64', 'Jardim Eldorado', 'Palmas', '77020-200'),
('Rua Acre', '29', 'Centro', 'Macapá', '68900-030'),
('Rua Tocantins', '142', 'Setor Oeste', 'Anápolis', '75020-120'),
('Rua São Paulo', '197', 'Setor Bueno', 'Goiânia', '74230-010'),
('Rua Maranhão', '101', 'Centro', 'Porto Alegre', '90035-060'),
('Rua Amazonas', '215', 'Centro', 'Rio Branco', '69900-110'),
('Rua das Hortênsias', '51', 'Centro', 'Gramado', '95670-000'),
('Rua das Palmeiras', '166', 'Centro', 'São José dos Campos', '12210-020'),
('Rua Padre Cícero', '314', 'Centro', 'Juazeiro do Norte', '63010-010'),
('Rua 7 de Setembro', '78', 'Centro', 'Marília', '17500-001'),
('Rua Projetada', '112', 'Centro', 'Itabuna', '45600-080'),
('Rua da Liberdade', '28', 'Centro', 'Caruaru', '55004-180'),
('Rua Principal', '33', 'Centro', 'Petrolina', '56300-000');

INSERT INTO cliente (id_cliente) VALUES 
  (11),
  (12),
  (13),
  (14),
  (15),
  (16),
  (17),
  (18),
  (19),
  (20),
  (21),
  (22),
  (23),
  (24),
  (25), 
  (26),
  (27),
  (28),
  (29),
  (30),
  (31),
  (32),
  (33),
  (34),
  (35);


INSERT INTO categoria (codigo, nome) VALUES 
  ('Hortifruti', 'Hortifruti'),
  ('Limpeza', 'Limpeza'),
  ('Eletrodomésticos', 'Eletrodomésticos'),
  ('Grãos', 'Grãos'),
  ('Laticínios', 'Laticínios'),
  ('Padaria', 'Padaria'),
  ('Higiene', 'Higiene'),
  ('Bebidas', 'Bebidas'),
  ('Carnes', 'Carnes'),
  ('Congelados', 'Congelados'),
  ('Mercearia', 'Mercearia'),
  ('Pet Shop', 'Pet Shop');


INSERT INTO fornecedor (id_fornecedor, cnpj, nome) VALUES
  (26, '24681012000197', 'Fornecedor Campo Vivo Ltda'),
  (27, '13579113000135', 'Fornecedor Essencial Orgânicos'),
  (28, '90817263000180', 'Fornecedor Sabor Real S/A'),
  (29, '76123498000141', 'Fornecedor NutriBem Produtos'),
  (30, '47281935000157', 'Fornecedor Viva Leve ME'),
  (31, '39281764000138', 'Fornecedor AgroSol Distribuidora'),
  (32, '57381947000107', 'Fornecedor Mundo Verde Nordeste'),
  (33, '68492018000191', 'Fornecedor Sol Nascente LTDA'),
  (34, '89501342000107', 'Fornecedor Saúde & Sabor S/A'),
  (35, '10718365000100', 'Fornecedor Orgânicos do Vale'),
  (36, '21829486000145', 'Fornecedor Aroma de Minas'),
  (37, '32940507000111', 'Fornecedor PetSaudável BR'),
  (38, '43051628000129', 'Fornecedor Bebidas Tropicais ME'),
  (39, '54162749000164', 'Fornecedor Cereal Brasil Ltda'),
  (40, '65273860000144', 'Fornecedor LeveMais Produtos'),
  (41, '76384971000144', 'Fornecedor Frutas do Campo'),
  (42, '87495082000170', 'Fornecedor Mundo Pet Brasil'),
  (43, '98506193000151', 'Fornecedor Natural Life'),
  (44, '09617204000140', 'Fornecedor EcoVida Alimentos'),
  (45, '10728315000103', 'Fornecedor Empório Regional');


INSERT INTO funcionario (
  id_funcionario,
  matricula,
  nome,
  cpf,
  salario,
  setor,
  turno,
  funcao,
  id_supervisor
) VALUES
  (41, 'EMP000100', 'Patrícia Almeida',   '88162092595', 5470.00, 'Administração', 'Manhã', 'Gerente de Loja', NULL),
  (42, 'EMP000101', 'Fernando Lima',      '13821376481', 3088.29, 'Estoque',        'Tarde', 'Repositor',       41),
  (43, 'EMP000102', 'Juliana Teixeira',   '65299707037', 3798.72, 'Padaria',        'Noite', 'Padeiro',         41),
  (44, 'EMP000103', 'Rafael Souza',       '70103818286', 3318.81, 'Açougue',        'Manhã', 'Açougueiro',      41),
  (45, 'EMP000104', 'Camila Oliveira',    '77548007809', 4770.82, 'Limpeza',        'Tarde', 'Auxiliar',        41),
  (46, 'EMP000105', 'Gabriel Martins',    '81319338305', 2645.11, 'Administração',  'Integral','Vigilante',      41),
  (47, 'EMP000106', 'Larissa Rocha',      '71091900213', 4839.39, 'Estoque',        'Manhã', 'Gerente de Setor',41),
  (48, 'EMP000107', 'Marcos Silva',       '27229817005', 4833.38, 'Administração',  'Manhã', 'Gerente de Loja', 41),
  (49, 'EMP000108', 'Aline Monteiro',     '81241009422', 4396.56, 'Hortifruti',     'Noite', 'Estagiário',      41),
  (50, 'EMP000109', 'Bruno Carvalho',     '61071236016', 2908.44, 'Mercearia',      'Tarde', 'Repositor',       41);

INSERT INTO produto (codigo_categoria, qtd_estoque, cod_ea, preco, nome) VALUES 
  ('Hortifruti', 100, '7891234567001', 3.99, 'Maçã Fuji 1kg'),
  ('Limpeza', 80, '7891234567002', 7.49, 'Desinfetante Lavanda 1L'),
  ('Eletrodomésticos', 20, '7891234567003', 249.90, 'Ventilador Arno Turbo 40cm'),
  ('Grãos', 150, '7891234567004', 6.59, 'Arroz Integral 1kg'),
  ('Laticínios', 90, '7891234567005', 4.79, 'Leite Integral 1L'),
  ('Padaria', 60, '7891234567006', 6.99, 'Pão Francês 1kg'),
  ('Higiene', 75, '7891234567007', 3.25, 'Sabonete Neutro 90g'),
  ('Bebidas', 120, '7891234567008', 5.99, 'Suco de Laranja 1L'),
  ('Carnes', 50, '7891234567009', 29.90, 'Frango Congelado 1kg'),
  ('Congelados', 40, '7891234567010', 19.99, 'Lasanha Congelada 600g'),
  ('Mercearia', 110, '7891234567011', 2.99, 'Macarrão Espaguete 500g'),
  ('Hortifruti', 8, '7891234567013', 2.50, 'Banana Prata 1kg'),
  ('Limpeza', 6, '7891234567014', 9.99, 'Álcool Gel 70% 500ml'),
  ('Eletrodomésticos', 15, '7891234567015', 179.90, 'Liquidificador Philips 2L'),
  ('Grãos', 5, '7891234567016', 8.99, 'Feijão Carioca 1kg'),
  ('Laticínios', 12, '7891234567017', 7.99, 'Queijo Mussarela 500g'),
  ('Padaria', 3, '7891234567018', 10.00, 'Bolo de Chocolate 400g'),
  ('Higiene', 20, '7891234567019', 5.00, 'Creme Dental Sorriso 90g'),
  ('Bebidas', 1, '7891234567020', 12.99, 'Vinho Tinto Cabernet 750ml'),
  ('Carnes', 7, '7891234567021', 49.90, 'Carne Bovina Patinho 1kg'),
  ('Congelados', 9, '7891234567022', 14.99, 'Hambúrguer Congelado 300g'),
  ('Mercearia', 25, '7891234567023', 3.79, 'Açúcar Cristal 1kg'),
  ('Pet Shop', 4, '7891234567024', 15.00, 'Petisco para Cães 100g'),
  ('Hortifruti', 55, '7891234567025', 1.99, 'Cenoura 1kg'),
  ('Limpeza', 30, '7891234567026', 4.50, 'Detergente Líquido 500ml'),
  ('Eletrodomésticos', 10, '7891234567027', 349.90, 'Micro-ondas Electrolux 20L'),
  ('Grãos', 95, '7891234567028', 5.50, 'Milho para Pipoca 1kg'),
  ('Laticínios', 40, '7891234567029', 6.25, 'Iogurte Natural 1kg'),
  ('Padaria', 13, '7891234567030', 7.50, 'Croissant Recheado 100g'),
  ('Higiene', 50, '7891234567031', 11.00, 'Shampoo Seda 325ml'),
  ('Bebidas', 85, '7891234567032', 3.50, 'Refrigerante Guaraná 2L'),
  ('Carnes', 28, '7891234567033', 35.00, 'Carne Suína Lombo 1kg'),
  ('Congelados', 17, '7891234567034', 22.00, 'Peixe Congelado 1kg'),
  ('Mercearia', 18, '7891234567035', 9.00, 'Óleo de Soja 900ml'),
  ('Pet Shop', 11, '7891234567036', 45.00, 'Areia Sanitária para Gatos 2kg'),
  ('Hortifruti', 9, '7891234567037', 3.00, 'Tomate Italiano 1kg'),
  ('Limpeza', 7, '7891234567038', 13.99, 'Água Sanitária 1L'),
  ('Eletrodomésticos', 2, '7891234567039', 599.90, 'Aspirador de Pó Electrolux'),
  ('Grãos', 4, '7891234567040', 12.99, 'Quinoa 500g'),
  ('Laticínios', 6, '7891234567041', 8.50, 'Manteiga com Sal 200g'),
  ('Padaria', 10, '7891234567042', 15.00, 'Torta de Frango 500g'),
  ('Higiene', 3, '7891234567043', 7.90, 'Desodorante Rexona 150ml'),
  ('Bebidas', 5, '7891234567044', 8.50, 'Cerveja Lager 350ml'),
  ('Carnes', 2, '7891234567045', 99.90, 'Picanha Bovina 1kg'),
  ('Congelados', 14, '7891234567046', 18.00, 'Nuggets de Frango 400g'),
  ('Mercearia', 23, '7891234567047', 4.25, 'Sal Refinado 1kg'),
  ('Pet Shop', 7, '7891234567048', 12.99, 'Brinquedo para Gatos'),
  ('Hortifruti', 100, '7891234567049', 2.99, 'Laranja Baía 1kg'),
  ('Limpeza', 18, '7891234567050', 14.50, 'Pano Multiuso 3un'),
  ('Eletrodomésticos', 12, '7891234567051', 399.00, 'Cafeteira Nespresso'),
  ('Grãos', 29, '7891234567052', 7.49, 'Lentilha 1kg'),
  ('Laticínios', 35, '7891234567053', 3.99, 'Requeijão Cremoso 200g'),
  ('Padaria', 22, '7891234567054', 6.50, 'Pão de Queijo 300g'),
  ('Higiene', 16, '7891234567055', 4.99, 'Fio Dental 50m'),
  ('Bebidas', 13, '7891234567056', 4.20, 'Água Mineral 500ml'),
  ('Carnes', 20, '7891234567057', 24.90, 'Peito de Frango 1kg'),
  ('Congelados', 27, '7891234567058', 16.00, 'Espinafre Congelado 300g'),
  ('Mercearia', 31, '7891234567059', 3.50, 'Farinha de Trigo 1kg'),
  ('Pet Shop', 9, '7891234567060', 29.99, 'Shampoo para Cães 500ml'),
  ('Hortifruti', 4, '7891234567061', 3.49, 'Abacate 1un'),
  ('Limpeza', 7, '7891234567062', 6.99, 'Sabão em Pó 1kg'),
  ('Eletrodomésticos', 2, '7891234567063', 159.90, 'Ferro de Passar Philips'),
  ('Grãos', 100, '7891234567064', 5.99, 'Arroz Branco Tipo 1 5kg'),
  ('Laticínios', 9, '7891234567065', 4.59, 'Iogurte Grego 150g'),
  ('Padaria', 25, '7891234567066', 7.25, 'Pão Integral 500g'),
  ('Higiene', 3, '7891234567067', 10.99, 'Creme Hidratante 200ml'),
  ('Bebidas', 8, '7891234567068', 11.99, 'Energético 250ml'),
  ('Carnes', 12, '7891234567069', 34.90, 'Filé de Tilápia 500g'),
  ('Congelados', 14, '7891234567070', 25.00, 'Pizza Congelada 400g'),
  ('Mercearia', 6, '7891234567071', 3.20, 'Achocolatado 400g'),
  ('Pet Shop', 11, '7891234567072', 32.00, 'Ração para Gatos 2kg'),
  ('Hortifruti', 13, '7891234567073', 2.80, 'Pepino 1un'),
  ('Limpeza', 4, '7891234567074', 8.50, 'Detergente Neutro 1L'),
  ('Eletrodomésticos', 9, '7891234567075', 499.00, 'Mixer Electrolux'),
  ('Grãos', 50, '7891234567076', 7.00, 'Trigo para Kibe 1kg'),
  ('Laticínios', 17, '7891234567077', 9.99, 'Requeijão Light 300g'),
  ('Padaria', 3, '7891234567078', 18.00, 'Rosca Doce 400g'),
  ('Higiene', 20, '7891234567079', 12.50, 'Loção Pós-Barba 100ml'),
  ('Bebidas', 2, '7891234567080', 45.00, 'Whisky 1L'),
  ('Carnes', 5, '7891234567081', 27.90, 'Linguiça Toscana 1kg'),
  ('Congelados', 10, '7891234567082', 21.00, 'Hambúrguer Vegano 300g'),
  ('Mercearia', 21, '7891234567083', 4.70, 'Molho de Tomate 340g'),
  ('Pet Shop', 15, '7891234567084', 9.90, 'Coleira para Cães'),
  ('Hortifruti', 18, '7891234567085', 4.50, 'Abobrinha 1kg'),
  ('Limpeza', 1, '7891234567086', 15.99, 'Água Sanitária 5L'),
  ('Eletrodomésticos', 14, '7891234567087', 299.00, 'Batedeira Arno 5 Velocidades'),
  ('Grãos', 7, '7891234567088', 5.99, 'Aveia em Flocos 500g'),
  ('Laticínios', 6, '7891234567089', 7.20, 'Creme de Leite 200g'),
  ('Padaria', 22, '7891234567090', 8.50, 'Baguete 300g'),
  ('Higiene', 19, '7891234567091', 6.75, 'Papel Higiênico 4un'),
  ('Bebidas', 30, '7891234567092', 4.50, 'Suco de Uva 1L'),
  ('Carnes', 3, '7891234567093', 49.99, 'Contra Filé 1kg'),
  ('Congelados', 16, '7891234567094', 12.99, 'Legumes Congelados 500g'),
  ('Mercearia', 8, '7891234567095', 10.00, 'Café Torrado 500g'),
  ('Pet Shop', 2, '7891234567096', 19.90, 'Arranhador para Gatos'),
  ('Hortifruti', 11, '7891234567097', 5.00, 'Morango 500g'),
  ('Limpeza', 10, '7891234567098', 7.99, 'Detergente Cremoso 500ml'),
  ('Eletrodomésticos', 13, '7891234567099', 199.90, 'Chaleira Elétrica 1.7L'),
  ('Grãos', 15, '7891234567100', 4.50, 'Grão de Bico 1kg'),
  ('Laticínios', 14, '7891234567101', 3.75, 'Leite Condensado 395g'),
  ('Padaria', 5, '7891234567102', 9.00, 'Pão de Forma Integral 500g'),
  ('Higiene', 21, '7891234567103', 11.50, 'Sabonete Líquido 300ml'),
  ('Bebidas', 7, '7891234567104', 6.00, 'Chá Mate 1L'),
  ('Carnes', 8, '7891234567105', 18.90, 'Peito de Peru Fatiado 200g'),
  ('Congelados', 4, '7891234567106', 13.00, 'Esfirra Congelada 350g'),
  ('Mercearia', 23, '7891234567107', 2.50, 'Fermento em Pó 100g'),
  ('Pet Shop', 1, '7891234567108', 22.00, 'Comedouro para Cães'),
  ('Hortifruti', 9, '7891234567109', 6.00, 'Pêssego 1kg'),
  ('Limpeza', 12, '7891234567110', 5.90, 'Limpador Multiuso 500ml'),
  ('Eletrodomésticos', 17, '7891234567111', 399.90, 'Forno Elétrico 30L'),
  ('Grãos', 6, '7891234567112', 6.75, 'Centeio em Grão 1kg'),
  ('Laticínios', 7, '7891234567113', 8.25, 'Iogurte Grego Light 150g'),
  ('Padaria', 4, '7891234567114', 12.00, 'Folar Tradicional 600g'),
  ('Higiene', 8, '7891234567115', 9.50, 'Pasta Dental Anticárie 90g'),
  ('Bebidas', 10, '7891234567116', 7.50, 'Suco Detox 500ml'),
  ('Carnes', 1, '7891234567117', 55.00, 'Costela Bovina 1kg'),
  ('Congelados', 5, '7891234567118', 20.00, 'Camarão Congelado 500g'),
  ('Mercearia', 16, '7891234567119', 3.99, 'Tempero Completo 200g'),
  ('Pet Shop', 6, '7891234567120', 14.90, 'Cama para Cães Média');


INSERT INTO fisico (
  fk_cliente_id,
  nome,
  cpf
) VALUES
  (11, 'Carlos Alberto Nobrega', '79962267099'),
  (12, 'Beatriz Oliveira Santos', '87256586035'),
  (13, 'Rodrigo Pereira Almeida', '80502488018'),
  (14, 'Fernanda Gonçalves Lima', '22400789010'),
  (15, 'Lucas Martins Ferreira', '63346753034'),
  (16, 'Aline Mendes',      '48732954085'),
  (17, 'Bruno Castro',      '72915864020'),
  (18, 'Camila Souza',      '31850479070'),
  (19, 'Danilo Rocha',      '23079156056'),
  (20, 'Eduarda Lima',      '04368297113'),
  (21, 'Felipe Duarte',     '52690314851'),
  (22, 'Gabriela Teixeira', '78410253607'),
  (23, 'Henrique Ramos',    '60743918231'),
  (24, 'Isabela Barbosa',   '38147602987'),
  (25, 'João Vitor Farias', '95021436716');

INSERT INTO juridico (fk_cliente_id, inscr_estadual, cnpj, razao_social) VALUES
  (26, '654321789', '13245678000186', 'Alimentos Boa Mesa Ltda'),
  (27, '987654321', '87451236000122', 'TecnoLogix Indústria S/A'),
  (28, '456789123', '56378246000156', 'Construtora Nova Era ME'),
  (29, '789123456', '76584932000190', 'Translogística Brasil Ltda'),
  (30, '321654987', '39128457000111', 'Comércio Silva & Filhos'),
  (31, '963852741', '25963718000104', 'Global Tech Importação Eireli'),
  (32, '741852963', '10482735000152', 'Papelaria Central S/A'),
  (33, '852963741', '18427539000197', 'Construprime Engenharia ME'),
  (34, '147258369', '30948561000188', 'Farmácia Vida Natural Ltda'),
  (35, '369258147', '81729364000109', 'Auto Peças Nacional ME');


INSERT INTO telefone (numero, id_telefone) VALUES 
  ('(81) 93881-6605', 1),
  ('(21) 99289-9177', 2),
  ('(61) 93024-4466', 3),
  ('(61) 91432-3476', 4),
  ('(41) 96472-8847', 5),
  ('(71) 94537-5959', 6),
  ('(91) 95542-8029', 7),
  ('(61) 97456-1449', 8),
  ('(21) 96782-1488', 9),
  ('(51) 95328-8274', 10),
  ('(85) 94254-5789', 11),
  ('(31) 91500-2331', 12),
  ('(61) 98077-6665', 13),
  ('(31) 92470-3437', 14),
  ('(61) 98834-8578', 15),
  ('(21) 99980-2112', 16),
  ('(21) 94570-7509', 17),
  ('(91) 99707-8493', 18),
  ('(71) 97846-1699', 19),
  ('(21) 91001-9152', 20),
  ('(81) 92104-8494', 21),
  ('(61) 92701-5625', 22),
  ('(61) 94419-9596', 23),
  ('(41) 94975-2758', 24),
  ('(21) 96561-8377', 25),
  ('(21) 97659-4081', 26),
  ('(51) 97223-4295', 27),
  ('(81) 99848-1678', 28),
  ('(71) 99548-2333', 29),
  ('(61) 95524-5754', 30),
  ('(21) 91399-1105', 31),
  ('(91) 98675-5508', 32),
  ('(85) 98869-7801', 33),
  ('(51) 98032-8776', 34),
  ('(85) 96533-3104', 35),
  ('(61) 94725-4452', 36),
  ('(91) 96174-8798', 37),
  ('(11) 98516-6236', 38),
  ('(71) 92501-6058', 39),
  ('(11) 98498-3288', 40),
  ('(71) 96446-9715', 41),
  ('(71) 96936-1599', 42),
  ('(71) 92961-5513', 43),
  ('(91) 95436-3608', 44),
  ('(81) 95774-9807', 45),
  ('(11) 92793-5644', 46),
  ('(61) 99148-3664', 47),
  ('(85) 93797-8380', 48),
  ('(85) 91185-9989', 49),
  ('(61) 93692-9781', 50);

INSERT INTO usuario (nome, senha, cargo) VALUES
  ('EMP000006', '64360161123', 'Padeiro'),
  ('EMP000007', '24154027107', 'Açougueiro'),
  ('EMP000008', '89417619993', 'Gerente de Loja'),
  ('EMP000009', '52989713930', 'Repositor'),
  ('EMP000010', '72221176790', 'Auxiliar'),
  ('EMP000011', '83291700716', 'Auxiliar'),
  ('EMP000012', '72967402052', 'Gerente de Loja'),
  ('EMP000013', '87560895700', 'Auxiliar'),
  ('EMP000014', '91505895987', 'Estagiário'),
  ('EMP000015', '95043660406', 'Açougueiro');


INSERT INTO compra (
  data,
  hora,
  parcelas,
  tipo,
  qtd_produto,
  fk_produto_id,
  fk_cliente_id,
  fk_operacional_id_funcionario
) VALUES
  ('2025-05-09','12:35:40',2,'Dinheiro',1,89,24,43),
  ('2025-05-06','06:43:58',3,'Dinheiro',1,21,35,50),
  ('2025-02-20','21:31:26',2,'Crédito',2,61,32,50),
  ('2024-09-02','23:01:36',1,'Crédito',1,38,28,42),
  ('2025-05-06','20:43:12',1,'Dinheiro',2,4,28,42),
  ('2025-05-20','20:11:31',2,'Crédito',1,58,29,42),
  ('2025-05-14','06:24:38',2,'Débito',1,18,18,43),
  ('2025-05-06','10:33:54',3,'Débito',1,5,27,50),
  ('2025-05-14','16:28:08',2,'Débito',5,77,19,50),
  ('2025-05-24','06:52:56',2,'Débito',4,76,26,44),
  ('2024-04-26','11:16:46',1,'Dinheiro', 4, 63, 35, 44),
  ('2024-02-12','08:35:21',1,'Débito',   3, 12, 24, 50),
  ('2024-03-21','19:04:34',1,'Crédito',  4, 86, 34, 43),
  ('2024-05-02','07:40:29',1,'Débito',   3, 73, 35, 50),
  ('2024-03-21','22:59:07',1,'Débito',   3, 18, 25, 49),
  ('2024-03-27','07:20:56',2,'Crédito',  3, 83, 35, 45),
  ('2024-05-03','20:41:12',2,'Crédito',  5, 46, 27, 42),
  ('2024-01-22','02:44:59',1,'Dinheiro', 3, 84, 35, 44),
  ('2024-01-03','21:20:22',3,'Crédito',  2, 37, 35, 43),
  ('2024-05-04','04:37:38',3,'Crédito',  5, 79, 22, 50),
  ('2024-01-18','11:33:13',1,'Crédito',  5, 25, 35, 42),
  ('2024-01-17','07:27:12',1,'Débito',   2,  2, 20, 49),
  ('2024-05-11','06:17:17',2,'Crédito',  5, 49, 35, 45),
  ('2024-05-10','20:45:15',1,'Dinheiro', 2, 10, 18, 44),
  ('2024-05-01','08:43:18',1,'Dinheiro', 2, 27, 35, 43),
  ('2024-01-12','11:50:33',1,'Débito',   5, 47, 17, 42),
  ('2024-03-22','02:51:39',1,'Pix', 4, 96, 35, 45),
  ('2024-05-21','14:06:04',2,'Crédito',  3, 67, 18, 50),
  ('2024-03-10','03:34:46',1,'Dinheiro', 1, 92, 35, 49),
  ('2024-02-18','20:30:14',1,'Débito',   2, 44, 35, 44),
  ('2024-03-01','08:11:36',1,'Pix', 2, 41, 35, 50),
  ('2024-03-11','14:53:15',2,'Crédito',  2, 70, 26, 42),
  ('2024-04-25','23:27:28',1,'Débito',   2, 76, 20, 43),
  ('2024-04-18','12:33:03',1,'Débito',   2, 24, 18, 50),
  ('2024-03-14','00:34:47',1,'Crédito',  3, 85, 35, 44),
  ('2024-02-01','07:10:01',1,'Débito',   5, 65, 35, 49),
  ('2024-03-18','10:47:12',1,'Débito',   3, 53, 35, 43),
  ('2024-03-19','01:37:53',1,'Dinheiro', 1, 89, 35, 45),
  ('2024-01-26','19:15:55',1,'Dinheiro', 4, 12, 19, 50),
  ('2024-03-13','17:11:24',2,'Crédito',  2, 48, 35, 42),
  ('2024-01-30','03:28:06',1,'Dinheiro', 2, 98, 35, 44),
  ('2024-04-11','03:37:21',1,'Débito',   5, 63, 35, 49),
  ('2024-04-19','16:37:06',3,'Crédito',  4, 94, 34, 43),
  ('2024-03-05','04:19:12',1,'Crédito',  4,  5, 35, 50),
  ('2024-02-05','06:24:46',1,'Débito',   4, 71, 35, 42),
  ('2024-04-03','07:04:56',1,'Dinheiro', 3, 14, 35, 45),
  ('2025-05-01', '08:10:15', 3, 'Crédito', 5, 39, 11, 42),
('2025-05-01', '09:20:30', 1, 'Débito', 10, 45, 12, 43),
('2025-05-02', '10:30:45', 1, 'Pix', 3, 111, 13, 44),
('2025-05-02', '11:40:00', 1, 'Dinheiro', 20, 9, 14, 45),
('2025-05-03', '12:50:15', 1, 'Vale Alimentação', 8, 27, 15, 46),
('2025-05-03', '14:00:30', 2, 'Crédito', 6, 75, 16, 49),
('2025-05-04', '15:10:45', 1, 'Outro', 15, 21, 17, 50),
('2025-05-04', '16:20:00', 4, 'Crédito', 4, 51, 18, 42),
('2025-05-05', '08:30:15', 1, 'Débito', 7, 87, 19, 43),
('2025-05-05', '09:40:30', 1, 'Pix', 30, 1, 20, 44),
('2025-05-06', '10:50:45', 1, 'Dinheiro', 25, 4, 21, 45),
('2025-05-06', '12:00:00', 1, 'Vale Alimentação', 5, 63, 22, 46),
('2025-05-07', '13:10:15', 6, 'Crédito', 3, 39, 23, 49),
('2025-05-07', '14:20:30', 1, 'Outro', 12, 93, 24, 50),
('2025-05-08', '15:30:45', 2, 'Crédito', 7, 27, 25, 42),
('2025-05-08', '16:40:00', 1, 'Débito', 9, 15, 26, 43),
('2025-05-09', '08:50:15', 1, 'Pix', 40, 12, 27, 44),
('2025-05-09', '10:00:30', 1, 'Dinheiro', 50, 7, 28, 45),
('2025-05-10', '11:10:45', 1, 'Vale Alimentação', 4, 111, 29, 46),
('2025-05-10', '12:20:00', 3, 'Crédito', 8, 51, 30, 49),
('2025-05-11', '13:30:15', 1, 'Outro', 22, 33, 31, 50),
('2025-05-11', '14:40:30', 5, 'Crédito', 2, 75, 32, 42),
('2025-05-12', '15:50:45', 1, 'Débito', 6, 99, 33, 43),
('2025-05-12', '17:00:00', 1, 'Pix', 60, 5, 34, 44),
('2025-05-13', '08:10:15', 1, 'Dinheiro', 35, 11, 35, 45),
('2025-05-13', '09:20:30', 1, 'Vale Alimentação', 10, 45, 11, 46),
('2025-05-14', '10:30:45', 4, 'Crédito', 5, 39, 12, 49),
('2025-05-14', '11:40:00', 1, 'Outro', 18, 9, 13, 50),
('2025-05-15', '12:50:15', 2, 'Crédito', 9, 27, 14, 42),
('2025-05-15', '14:00:30', 1, 'Débito', 11, 15, 15, 43),
('2025-05-16', '15:10:45', 1, 'Pix', 2, 75, 16, 44),
('2025-05-16', '16:20:00', 1, 'Dinheiro', 28, 21, 17, 45),
('2025-05-17', '08:30:15', 1, 'Vale Alimentação', 6, 51, 18, 46),
('2025-05-17', '09:40:30', 3, 'Crédito', 10, 87, 19, 49),
('2025-05-18', '10:50:45', 1, 'Outro', 70, 1, 20, 50),
('2025-05-18', '12:00:00', 2, 'Crédito', 4, 111, 21, 42),
('2025-05-19', '13:10:15', 1, 'Débito', 8, 63, 22, 43),
('2025-05-19', '14:20:30', 1, 'Pix', 14, 93, 23, 44),
('2025-05-20', '15:30:45', 1, 'Dinheiro', 25, 33, 24, 45),
('2025-05-20', '16:40:00', 1, 'Vale Alimentação', 3, 99, 25, 46),
('2025-05-21', '08:50:15', 6, 'Crédito', 6, 39, 26, 49),
('2025-05-21', '10:00:30', 1, 'Outro', 80, 4, 27, 50),
('2025-05-22', '11:10:45', 2, 'Crédito', 12, 45, 28, 42),
('2025-05-22', '12:20:00', 1, 'Débito', 100, 12, 29, 43),
('2025-05-23', '13:30:15', 1, 'Pix', 5, 75, 30, 44),
('2025-05-23', '14:40:30', 1, 'Dinheiro', 90, 5, 31, 45),
('2025-05-24', '15:50:45', 1, 'Vale Alimentação', 7, 27, 32, 46),
('2025-05-24', '17:00:00', 3, 'Crédito', 11, 15, 33, 49),
('2025-05-25', '08:10:15', 1, 'Outro', 120, 7, 34, 50),
('2025-05-25', '09:20:30', 5, 'Crédito', 8, 87, 35, 42),
('2025-05-26', '10:30:45', 1, 'Débito', 6, 111, 11, 43),
('2025-05-26', '11:40:00', 1, 'Pix', 10, 39, 12, 44),
('2025-05-26', '13:00:00', 10, 'Crédito', 10, 39, 13, 45),
('2025-05-26', '13:15:00', 1, 'Pix', 8, 75, 14, 46),
('2025-05-26', '13:30:00', 12, 'Crédito', 7, 111, 15, 49),
('2025-05-26', '13:45:00', 1, 'Dinheiro', 15, 51, 16, 50),
('2025-05-26', '14:00:00', 8, 'Crédito', 9, 27, 17, 42),
('2025-05-26', '14:15:00', 1, 'Débito', 10, 87, 18, 43),
('2025-05-01', '10:05:10', 2, 'Crédito', 2, 1, 11, 42),
('2025-05-01', '10:15:20', 1, 'Débito', 1, 2, 12, 43),
('2025-05-02', '11:00:30', 1, 'Pix', 3, 3, 13, 44),
('2025-05-02', '11:25:40', 1, 'Dinheiro', 2, 4, 14, 45),
('2025-05-03', '13:10:50', 1, 'Vale Alimentação', 1, 5, 15, 46),
('2025-05-03', '14:05:00', 3, 'Crédito', 2, 6, 16, 49),
('2025-05-04', '15:00:10', 1, 'Outro', 1, 7, 17, 50),
('2025-05-04', '16:10:20', 4, 'Crédito', 3, 8, 18, 42),
('2025-05-05', '09:00:30', 1, 'Débito', 2, 9, 19, 43),
('2025-05-05', '09:45:40', 1, 'Pix', 1, 10, 20, 44),
('2025-05-06', '10:30:50', 1, 'Dinheiro', 2, 11, 21, 45),
('2025-05-06', '11:15:00', 1, 'Vale Alimentação', 3, 12, 22, 46),
('2025-05-07', '12:00:10', 2, 'Crédito', 1, 13, 23, 49),
('2025-05-07', '13:20:20', 1, 'Outro', 2, 14, 24, 50),
('2025-05-08', '14:00:30', 5, 'Crédito', 1, 15, 25, 42),
('2025-05-08', '15:05:40', 1, 'Débito', 3, 16, 26, 43),
('2025-05-09', '16:00:50', 1, 'Pix', 2, 17, 27, 44),
('2025-05-09', '17:10:00', 1, 'Dinheiro', 1, 18, 28, 45),
('2025-05-10', '09:30:10', 1, 'Vale Alimentação', 2, 19, 29, 46),
('2025-05-10', '10:25:20', 3, 'Crédito', 3, 20, 30, 49),
('2025-05-11', '11:00:30', 1, 'Outro', 1, 21, 31, 50),
('2025-05-11', '12:15:40', 2, 'Crédito', 2, 22, 32, 42),
('2025-05-12', '13:00:50', 1, 'Débito', 1, 23, 33, 43),
('2025-05-12', '14:40:00', 1, 'Pix', 3, 24, 34, 44),
('2025-05-13', '15:10:10', 1, 'Dinheiro', 2, 25, 35, 45),
('2025-05-13', '16:00:20', 1, 'Vale Alimentação', 1, 26, 11, 46),
('2025-05-14', '10:00:30', 6, 'Crédito', 2, 27, 12, 49),
('2025-05-14', '11:05:40', 1, 'Outro', 3, 28, 13, 50),
('2025-05-15', '12:20:50', 2, 'Crédito', 1, 29, 14, 42),
('2025-05-15', '13:30:00', 1, 'Débito', 2, 30, 15, 43),
('2025-05-16', '14:00:10', 1, 'Pix', 1, 31, 16, 44),
('2025-05-16', '15:15:20', 1, 'Dinheiro', 3, 32, 17, 45),
('2025-05-17', '16:10:30', 1, 'Vale Alimentação', 2, 33, 18, 46),
('2025-05-17', '17:00:40', 3, 'Crédito', 1, 34, 19, 49),
('2025-05-18', '09:00:50', 1, 'Outro', 2, 35, 20, 50),
('2025-05-18', '10:10:00', 4, 'Crédito', 1, 36, 21, 42),
('2025-05-19', '11:25:10', 1, 'Débito', 3, 37, 22, 43),
('2025-05-19', '12:30:20', 1, 'Pix', 2, 38, 23, 44),
('2025-05-20', '13:00:30', 1, 'Dinheiro', 1, 39, 24, 45),
('2025-05-20', '14:05:40', 1, 'Vale Alimentação', 2, 40, 25, 46),
('2025-05-21', '15:15:50', 2, 'Crédito', 3, 41, 26, 49),
('2025-05-21', '16:20:00', 1, 'Outro', 1, 42, 27, 50),
('2025-05-22', '10:00:10', 3, 'Crédito', 2, 43, 28, 42),
('2025-05-22', '11:10:20', 1, 'Débito', 1, 44, 29, 43),
('2025-05-23', '12:00:30', 1, 'Pix', 2, 45, 30, 44),
('2025-05-23', '13:05:40', 1, 'Dinheiro', 3, 46, 31, 45),
('2025-05-24', '14:20:50', 1, 'Vale Alimentação', 1, 47, 32, 46),
('2025-05-24', '15:30:00', 5, 'Crédito', 2, 48, 33, 49),
('2025-05-25', '16:00:10', 1, 'Outro', 1, 49, 34, 50),
('2025-05-26', '09:00:20', 2, 'Crédito', 3, 50, 35, 42),
('2025-05-01', '09:10:00', 1, 'Débito', 2, 53, 11, 42),
('2025-05-02', '10:15:00', 2, 'Crédito', 1, 53, 12, 43),
('2025-05-03', '11:20:00', 1, 'Pix', 3, 55, 13, 44),
('2025-05-04', '12:25:00', 1, 'Dinheiro', 2, 55, 14, 45),
('2025-05-05', '13:30:00', 1, 'Vale Alimentação', 1, 55, 15, 46),
('2025-05-06', '14:35:00', 5, 'Crédito', 4, 56, 16, 49),
('2025-05-07', '15:40:00', 1, 'Débito', 2, 57, 17, 50),
('2025-05-08', '16:45:00', 1, 'Outro', 1, 57, 18, 42),
('2025-05-09', '09:50:00', 2, 'Crédito', 3, 58, 19, 43),
('2025-05-10', '10:55:00', 1, 'Pix', 2, 58, 20, 44),
('2025-05-11', '11:00:00', 1, 'Dinheiro', 1, 60, 21, 45),
('2025-05-12', '12:05:00', 1, 'Vale Alimentação', 4, 61, 22, 46),
('2025-05-13', '13:10:00', 3, 'Crédito', 2, 61, 23, 49),
('2025-05-14', '14:15:00', 1, 'Débito', 3, 61, 24, 50),
('2025-05-15', '15:20:00', 1, 'Outro', 1, 63, 25, 42),
('2025-05-16', '16:25:00', 6, 'Crédito', 5, 65, 26, 43),
('2025-05-17', '09:30:00', 1, 'Pix', 3, 65, 27, 44),
('2025-05-18', '10:35:00', 1, 'Dinheiro', 2, 67, 28, 45),
('2025-05-19', '11:40:00', 1, 'Vale Alimentação', 1, 67, 29, 46),
('2025-05-20', '12:45:00', 2, 'Crédito', 2, 69, 30, 49),
('2025-05-21', '13:50:00', 1, 'Débito', 3, 70, 31, 50),
('2025-05-22', '14:55:00', 1, 'Outro', 1, 70, 32, 42),
('2025-05-23', '15:00:00', 4, 'Crédito', 2, 70, 33, 43),
('2025-05-24', '16:05:00', 1, 'Pix', 5, 73, 34, 44),
('2025-05-25', '09:10:00', 1, 'Dinheiro', 1, 75, 35, 45),
('2025-05-26', '10:15:00', 3, 'Crédito', 1, 75, 11, 46),
('2025-05-01', '11:20:00', 1, 'Vale Alimentação', 2, 79, 12, 49),
('2025-05-02', '12:25:00', 2, 'Crédito', 1, 79, 13, 50),
('2025-05-03', '13:30:00', 1, 'Débito', 3, 81, 14, 42),
('2025-05-04', '14:35:00', 1, 'Outro', 2, 82, 15, 43),
('2025-05-05', '15:40:00', 1, 'Pix', 1, 82, 16, 44),
('2025-05-06', '16:45:00', 4, 'Crédito', 2, 82, 17, 45),
('2025-05-07', '09:50:00', 1, 'Dinheiro', 4, 83, 18, 46),
('2025-05-08', '10:55:00', 1, 'Vale Alimentação', 3, 89, 19, 49),
('2025-05-09', '11:00:00', 2, 'Crédito', 2, 89, 20, 50),
('2025-05-10', '12:05:00', 1, 'Débito', 1, 91, 21, 42),
('2025-05-11', '13:10:00', 1, 'Outro', 5, 92, 22, 43),
('2025-05-12', '14:15:00', 3, 'Crédito', 2, 92, 23, 44),
('2025-05-13', '15:20:00', 1, 'Pix', 1, 96, 24, 45),
('2025-05-14', '16:25:00', 1, 'Dinheiro', 1, 96, 25, 46),
('2025-05-15', '09:30:00', 1, 'Vale Alimentação', 4, 98, 26, 49),
('2025-05-16', '10:35:00', 2, 'Crédito', 3, 101, 27, 50),
('2025-05-17', '11:40:00', 1, 'Débito', 2, 101, 28, 42),
('2025-05-18', '12:45:00', 1, 'Outro', 1, 102, 29, 43),
('2025-05-19', '13:50:00', 1, 'Pix', 2, 102, 30, 44),
('2025-05-20', '14:55:00', 5, 'Crédito', 1, 102, 31, 45),
('2025-05-21', '15:00:00', 1, 'Dinheiro', 3, 103, 32, 46),
('2025-05-22', '16:05:00', 1, 'Vale Alimentação', 4, 104, 33, 49),
('2025-05-23', '09:10:00', 2, 'Crédito', 2, 104, 34, 50),
('2025-05-24', '10:15:00', 1, 'Débito', 1, 105, 35, 42),
('2025-05-25', '11:20:00', 1, 'Outro', 2, 105, 11, 43),
('2025-05-26', '12:25:00', 1, 'Pix', 1, 105, 12, 44),
('2025-05-01', '13:30:00', 3, 'Crédito', 3, 106, 13, 45),
('2025-05-02', '14:35:00', 1, 'Dinheiro', 5, 107, 14, 46),
('2025-05-03', '15:40:00', 1, 'Vale Alimentação', 2, 107, 15, 49),
('2025-05-04', '16:45:00', 2, 'Crédito', 1, 108, 16, 50),
('2025-05-05', '09:50:00', 1, 'Débito', 1, 108, 17, 42),
('2025-05-06', '10:55:00', 1, 'Outro', 3, 109, 18, 43),
('2025-05-07', '11:00:00', 1, 'Pix', 4, 110, 19, 44),
('2025-05-08', '12:05:00', 4, 'Crédito', 2, 110, 20, 45),
('2025-05-09', '13:10:00', 1, 'Dinheiro', 3, 110, 21, 46),
('2025-05-10', '14:15:00', 1, 'Vale Alimentação', 1, 111, 22, 49),
('2025-05-11', '15:20:00', 2, 'Crédito', 5, 113, 23, 50),
('2025-05-12', '16:25:00', 1, 'Débito', 3, 113, 24, 42),
('2025-05-13', '09:30:00', 1, 'Outro', 2, 114, 25, 43),
('2025-05-14', '10:35:00', 1, 'Pix', 1, 114, 26, 44),
('2025-05-15', '11:40:00', 1, 'Dinheiro', 4, 115, 27, 45),
('2025-05-16', '12:45:00', 1, 'Vale Alimentação', 2, 116, 28, 46),
('2025-05-17', '13:50:00', 3, 'Crédito', 1, 116, 29, 49),
('2025-05-18', '14:55:00', 1, 'Débito', 3, 116, 30, 50),
('2025-05-19', '15:00:00', 1, 'Outro', 1, 117, 31, 42),
('2025-05-20', '16:05:00', 6, 'Crédito', 2, 118, 32, 43),
('2025-05-21', '09:10:00', 1, 'Pix', 1, 118, 33, 44),
('2025-05-22', '10:15:00', 1, 'Dinheiro', 4, 119, 34, 45),
('2025-05-23', '11:20:00', 1, 'Vale Alimentação', 2, 119, 35, 46),
('2025-05-24', '12:25:00', 2, 'Crédito', 1, 119, 11, 49),
('2025-05-01', '08:30:15', 1, 'Débito', 3, 52, 11, 42),
('2025-05-02', '09:12:45', 2, 'Crédito', 2, 52, 12, 43),
('2025-05-03', '10:05:00', 1, 'Pix', 1, 54, 13, 44),
('2025-05-04', '11:20:33', 1, 'Dinheiro', 4, 59, 14, 45),
('2025-05-05', '13:40:10', 1, 'Vale Alimentação', 2, 59, 15, 46),
('2025-05-06', '14:15:50', 3, 'Crédito', 1, 62, 16, 49),
('2025-05-07', '15:00:22', 1, 'Outro', 5, 62, 17, 50),
('2025-05-08', '16:05:18', 1, 'Débito', 2, 64, 18, 42),
('2025-05-09', '08:55:07', 1, 'Pix', 3, 66, 19, 43),
('2025-05-10', '09:40:12', 4, 'Crédito', 1, 66, 20, 44),
('2025-05-11', '10:20:30', 1, 'Dinheiro', 2, 68, 21, 45),
('2025-05-12', '11:33:45', 1, 'Vale Alimentação', 1, 72, 22, 46),
('2025-05-13', '13:10:55', 2, 'Crédito', 3, 72, 23, 49),
('2025-05-14', '14:00:00', 1, 'Outro', 4, 74, 24, 50),
('2025-05-15', '15:08:10', 1, 'Débito', 2, 74, 25, 42),
('2025-05-16', '16:12:30', 1, 'Pix', 1, 78, 26, 43),
('2025-05-17', '09:00:00', 5, 'Crédito', 1, 80, 27, 44),
('2025-05-18', '10:18:20', 1, 'Dinheiro', 3, 80, 28, 45),
('2025-05-19', '11:07:35', 1, 'Vale Alimentação', 2, 88, 29, 46),
('2025-05-20', '12:50:40', 1, 'Crédito', 1, 88, 30, 49),
('2025-05-21', '13:45:00', 1, 'Outro', 4, 90, 31, 50),
('2025-05-22', '14:30:15', 1, 'Débito', 2, 90, 32, 42),
('2025-05-23', '15:22:05', 1, 'Pix', 3, 95, 33, 43),
('2025-05-24', '16:00:00', 2, 'Crédito', 1, 95, 34, 44),
('2025-05-25', '08:40:10', 1, 'Dinheiro', 5, 97, 35, 45),
('2025-05-26', '09:25:30', 1, 'Vale Alimentação', 2, 97, 11, 46),
('2025-05-01', '10:10:40', 6, 'Crédito', 1, 100, 12, 49),
('2025-05-02', '11:00:50', 1, 'Outro', 3, 100, 13, 50),
('2025-05-03', '12:15:00', 1, 'Débito', 2, 112, 14, 42),
('2025-05-04', '13:05:10', 1, 'Pix', 4, 112, 15, 43),
('2025-05-05', '14:00:20', 3, 'Crédito', 1, 112, 16, 44),
('2025-05-26', '09:15:10', 1, 'Dinheiro', 2, 52, 15, 44),
('2025-05-25', '14:30:00', 3, 'Crédito', 1, 52, 22, 49),
('2025-05-26', '10:05:20', 1, 'Pix', 3, 54, 17, 42),
('2025-05-24', '11:45:30', 1, 'Vale Alimentação', 2, 59, 20, 45),
('2025-05-26', '13:12:00', 2, 'Crédito', 1, 59, 28, 50),
('2025-05-25', '16:00:45', 1, 'Débito', 4, 59, 13, 46),
('2025-05-26', '08:50:00', 1, 'Outro', 2, 62, 25, 43),
('2025-05-24', '17:05:15', 4, 'Crédito', 1, 62, 19, 44),
('2025-05-26', '11:30:25', 1, 'Pix', 3, 64, 21, 42),
('2025-05-25', '09:55:50', 1, 'Dinheiro', 2, 64, 30, 45),
('2025-05-26', '14:00:00', 1, 'Vale Alimentação', 1, 66, 12, 46),
('2025-05-24', '10:40:10', 2, 'Crédito', 2, 66, 23, 49),
('2025-05-26', '15:20:35', 1, 'Débito', 3, 66, 33, 50),
('2025-05-25', '12:10:40', 1, 'Outro', 1, 68, 18, 42),
('2025-05-26', '16:30:55', 5, 'Crédito', 1, 68, 27, 43),
('2025-05-24', '08:35:00', 1, 'Pix', 2, 72, 14, 44),
('2025-05-26', '17:40:10', 1, 'Dinheiro', 1, 72, 26, 45),
('2025-05-25', '10:00:20', 1, 'Vale Alimentação', 3, 72, 31, 46),
('2025-05-26', '11:50:30', 2, 'Crédito', 2, 74, 29, 49),
('2025-05-24', '13:05:45', 1, 'Débito', 1, 74, 16, 50),
('2025-05-26', '09:00:50', 1, 'Outro', 4, 78, 22, 42),
('2025-05-25', '14:20:00', 3, 'Crédito', 1, 78, 34, 43),
('2025-05-26', '10:25:15', 1, 'Pix', 1, 80, 11, 44),
('2025-05-24', '11:10:20', 1, 'Dinheiro', 2, 80, 24, 45),
('2025-05-26', '12:40:35', 1, 'Vale Alimentação', 1, 80, 32, 46),
('2025-05-25', '15:50:40', 4, 'Crédito', 1, 88, 17, 49),
('2025-05-26', '16:05:55', 1, 'Débito', 3, 88, 28, 50),
('2025-05-24', '17:15:00', 1, 'Outro', 2, 88, 20, 42),
('2025-05-26', '08:45:05', 2, 'Crédito', 1, 90, 25, 43),
('2025-05-25', '10:30:10', 1, 'Pix', 4, 90, 19, 44),
('2025-05-26', '11:00:25', 1, 'Dinheiro', 2, 95, 30, 45),
('2025-05-24', '12:55:30', 1, 'Vale Alimentação', 1, 95, 15, 46),
('2025-05-26', '13:50:40', 6, 'Crédito', 1, 95, 27, 49),
('2025-05-25', '14:05:55', 1, 'Débito', 3, 97, 13, 50),
('2025-05-26', '15:10:00', 1, 'Outro', 2, 97, 21, 42),
('2025-05-24', '16:20:10', 2, 'Crédito', 1, 100, 35, 43),
('2025-05-26', '09:30:25', 1, 'Pix', 4, 100, 18, 44),
('2025-05-25', '10:50:30', 1, 'Dinheiro', 2, 112, 26, 45),
('2025-05-26', '11:25:45', 1, 'Vale Alimentação', 1, 112, 33, 46),
('2025-05-24', '12:00:50', 3, 'Crédito', 3, 112, 12, 49);

INSERT INTO entrega (fk_fornecedor_id, fk_produto_id, qnt_fornecida, valor_pago, data_reposicao) VALUES
  (26, 74,  58,  847.68, '2024-02-24'),  
  (27, 24,  45, 1998.67, '2024-03-17'),
  (27, 66,  68, 2017.63, '2024-01-31'),
  (26, 58,  12, 1859.53, '2024-05-02'),  
  (26, 75, 159, 1385.78, '2024-01-01'),  
  (26, 42,  16, 1342.10, '2024-05-19'),  
  (26, 30,  35,  969.04, '2024-05-04'),  
  (26, 46, 135, 1430.89, '2024-01-09'),  
  (26, 46, 181,  390.88, '2024-01-19'),  
  (26, 34, 163,  825.61, '2024-03-17'), 
  (26, 80,  66, 2045.69, '2024-01-24'),  
  (26, 14, 136,  890.50, '2024-05-12'), 
  (27, 54, 157, 1213.74, '2024-04-29'),
  (29, 55, 131, 1474.18, '2024-01-01'),
  (26, 95, 195, 1867.74, '2024-04-27'),  
  (26, 69, 116, 2926.87, '2024-02-05'),  
  (26, 35, 125, 2060.04, '2024-02-06'),  
  (26, 78,  77, 1685.58, '2024-03-12'), 
  (27, 98, 172, 1674.64, '2024-03-07'),
  (26, 65,  89,  317.58, '2024-02-19'),  
  (26, 27, 152, 2530.32, '2024-03-02'),  
  (26, 59,  42, 1541.17, '2024-01-31'),  
  (26, 65,  20, 2629.51, '2024-02-28'), 
  (26, 97,  87, 1505.91, '2024-05-24'),  
  (26, 23,  15, 2615.18, '2024-05-26'),  
  (26, 81, 186,  418.10, '2024-02-14'),  
  (26, 87,  96, 1389.92, '2024-03-27'),  
  (26, 70, 110, 2750.96, '2024-05-09'),  
  (26, 26,  94, 1312.47, '2024-04-12'),  
  (26, 29, 200, 2729.09, '2024-01-31'),  
  (26, 46,  58, 1558.50, '2024-05-09'),  
  (26, 37, 139,  803.27, '2024-02-20'),  
  (26,  3,  62, 1638.02, '2024-01-23'), 
  (30, 72,  84, 2937.83, '2024-02-04'),
  (26, 88, 109, 2230.42, '2024-03-20'),  
  (26, 96,  51, 2385.69, '2024-03-14'),  
  (26, 82,  57, 2290.26, '2024-01-29'),  
  (27, 39,  39, 1195.33, '2024-01-21'),
  (29,  9,  49, 1079.61, '2024-03-21'),
  (26, 13,  99, 1923.01, '2024-03-15'), 
  (26,  7,  30, 1859.88, '2024-04-14'), 
  (26, 29, 175, 1488.29, '2024-04-06'),  
  (26, 51, 141, 1287.81, '2024-04-18'),  
  (30, 33, 148, 1549.80, '2024-02-17'),
  (29, 27, 114, 1787.55, '2024-04-24'),
  (29, 44,  73, 2987.37, '2024-02-22'),
  (26, 34,  61, 2576.35, '2024-03-31'),  
  (30,  7, 186, 1784.29, '2024-01-07'),
  (26, 85,  38, 1607.92, '2024-01-06'),  
  (26, 64,  12, 2860.80, '2024-04-03'),
  (26, 1, 500, 1450.75, '2025-05-02'),  
  (27, 4, 300, 1210.50, '2025-05-03'),  
  (28, 11, 450, 880.20, '2025-05-05'),  
  (29, 27, 15, 3950.00, '2025-05-07'),   
  (30, 36, 100, 3200.00, '2025-05-09'),  
  (31, 51, 10, 2850.90, '2025-05-12'),  
  (37, 60, 80, 1750.60, '2025-05-15'),   
  (39, 64, 250, 980.25, '2025-05-19'),  
  (41, 73, 350, 650.00, '2025-05-22'),  
  (44, 110, 200, 780.50, '2025-05-26');  

INSERT INTO historico_preco_produto (codigo_produto, preco, data) VALUES
(1,  ROUND(3.99  * 0.90, 2), DATE_SUB(NOW(), INTERVAL 90 DAY)),
(2,  ROUND(7.49  * 0.90, 2), DATE_SUB(NOW(), INTERVAL 90 DAY)),
(3,  ROUND(249.90* 0.90, 2), DATE_SUB(NOW(), INTERVAL 90 DAY)),
(4,  ROUND(6.59  * 0.90, 2), DATE_SUB(NOW(), INTERVAL 90 DAY)),
(5,  ROUND(4.79  * 0.90, 2), DATE_SUB(NOW(), INTERVAL 90 DAY)),
(6,  ROUND(6.99  * 0.90, 2), DATE_SUB(NOW(), INTERVAL 90 DAY)),
(7,  ROUND(3.25  * 0.90, 2), DATE_SUB(NOW(), INTERVAL 90 DAY)),
(8,  ROUND(5.99  * 0.90, 2), DATE_SUB(NOW(), INTERVAL 90 DAY)),
(9,  ROUND(29.90 * 0.90, 2), DATE_SUB(NOW(), INTERVAL 90 DAY)),
(10, ROUND(19.99 * 0.90, 2), DATE_SUB(NOW(), INTERVAL 90 DAY)),
(11, ROUND(2.99  * 0.90, 2), DATE_SUB(NOW(), INTERVAL 90 DAY)),
(12, ROUND(2.50  * 0.90, 2), DATE_SUB(NOW(), INTERVAL 90 DAY)),
(1,  ROUND(3.99  * 0.95, 2), DATE_SUB(NOW(), INTERVAL 60 DAY)),
(2,  ROUND(7.49  * 0.95, 2), DATE_SUB(NOW(), INTERVAL 60 DAY)),
(3,  ROUND(249.90* 0.95, 2), DATE_SUB(NOW(), INTERVAL 60 DAY)),
(4,  ROUND(6.59  * 0.95, 2), DATE_SUB(NOW(), INTERVAL 60 DAY)),
(5,  ROUND(4.79  * 0.95, 2), DATE_SUB(NOW(), INTERVAL 60 DAY)),
(6,  ROUND(6.99  * 0.95, 2), DATE_SUB(NOW(), INTERVAL 60 DAY)),
(7,  ROUND(3.25  * 0.95, 2), DATE_SUB(NOW(), INTERVAL 60 DAY)),
(8,  ROUND(5.99  * 0.95, 2), DATE_SUB(NOW(), INTERVAL 60 DAY)),
(9,  ROUND(29.90 * 0.95, 2), DATE_SUB(NOW(), INTERVAL 60 DAY)),
(10, ROUND(19.99 * 0.95, 2), DATE_SUB(NOW(), INTERVAL 60 DAY)),
(11, ROUND(2.99  * 0.95, 2), DATE_SUB(NOW(), INTERVAL 60 DAY)),
(12, ROUND(2.50  * 0.95, 2), DATE_SUB(NOW(), INTERVAL 60 DAY)),
(1,  ROUND(3.99  * 0.98, 2), DATE_SUB(NOW(), INTERVAL 30 DAY)),
(2,  ROUND(7.49  * 0.98, 2), DATE_SUB(NOW(), INTERVAL 30 DAY)),
(3,  ROUND(249.90* 0.98, 2), DATE_SUB(NOW(), INTERVAL 30 DAY)),
(4,  ROUND(6.59  * 0.98, 2), DATE_SUB(NOW(), INTERVAL 30 DAY)),
(5,  ROUND(4.79  * 0.98, 2), DATE_SUB(NOW(), INTERVAL 30 DAY)),
(6,  ROUND(6.99  * 0.98, 2), DATE_SUB(NOW(), INTERVAL 30 DAY)),
(7,  ROUND(3.25  * 0.98, 2), DATE_SUB(NOW(), INTERVAL 30 DAY)),
(8,  ROUND(5.99  * 0.98, 2), DATE_SUB(NOW(), INTERVAL 30 DAY)),
(9,  ROUND(29.90 * 0.98, 2), DATE_SUB(NOW(), INTERVAL 30 DAY)),
(10, ROUND(19.99 * 0.98, 2), DATE_SUB(NOW(), INTERVAL 30 DAY)),
(11, ROUND(2.99  * 0.98, 2), DATE_SUB(NOW(), INTERVAL 30 DAY)),
(12, ROUND(2.50  * 0.98, 2), DATE_SUB(NOW(), INTERVAL 30 DAY)),
(1, 3.99, NOW()),
(2, 7.49, NOW()),
(3, 249.90, NOW()),
(4, 6.59, NOW()),
(5, 4.79, NOW()),
(6, 6.99, NOW()),
(7, 3.25, NOW()),
(8, 5.99, NOW()),
(9, 29.90, NOW()),
(10, 19.99, NOW()),
(11, 2.99, NOW()),
(12, 2.50, NOW());