use fluxy_db;

INSERT INTO pessoa (rua, numero, bairro, cidade, cep) VALUES 
  ('Rua das Flores', '123', 'Centro', 'São Paulo', '01000-000'),
  ('Avenida Brasil', '456', 'Jardim América', 'Rio de Janeiro', '22000-000'),
  ('Rua XV de Novembro', '789', 'Boa Vista', 'Curitiba', '80000-000'),
  ('Rua das Palmeiras', '321', 'Copacabana', 'Rio de Janeiro', '22050-000'),
  ('Avenida Paulista', '999', 'Bela Vista', 'São Paulo', '01310-000'),
  ('Rua do Comércio', '101', 'Centro', 'Porto Alegre', '90000-000'),   
  ('Rua das Acácias', '202', 'Jardim Botânico', 'Brasília', '70000-000'), 
  ('Av. Independência', '303', 'Boa Vista', 'Recife', '50000-000'),    
  ('Rua das Palmeiras', '404', 'Jardim das Flores', 'Fortaleza', '60000-000'),
  ('Avenida São João', '505', 'Centro', 'Salvador', '40000-000'),
  ('Rua dos Fornecedores', '100', 'Industrial', 'Recife', '50000-100'),   
  ('Avenida Central', '200', 'Comercial', 'São Paulo', '01010-200'),     
  ('Rua das Indústrias', '300', 'Distrito', 'Curitiba', '80030-300'),     
  ('Travessa do Mercado', '400', 'Centro', 'Salvador', '40040-400'),    
  ('Alameda das Empresas', '500', 'Empresarial', 'Porto Alegre', '90050-500');

INSERT INTO cliente (id_cliente) VALUES 
  (6),
  (7),
  (8),
  (9),
  (10);
  
INSERT INTO categoria (codigo, nome) VALUES 
  ('Hortifruti', 'Hortifruti'),
  ('Limpeza', 'Limpeza'),
  ('Eletrodomésticos', 'Eletrodomésticos'),
  ('Grãos', 'Grãos'),
  ('Laticínios', 'Laticínios'),
  ('Padaria', 'Padaria'),
  ('Higiene', 'Higiene'),
  ('Bebidas', 'Bebidas'),
  ('Carnes', 'Carnes'),
  ('Congelados', 'Congelados'),
  ('Mercearia', 'Mercearia'),
  ('Pet Shop', 'Pet Shop');
    
INSERT INTO fornecedor (id_fornecedor, cnpj, nome) VALUES
  (11, '55236671000140', 'Fornecedor Recife Ltda'),
  (12, '66395284000109', 'Fornecedor SP Comércio Eireli'),
  (13, '77587965000100', 'Fornecedor Curitiba S/A'),
  (14, '88123456000195', 'Fornecedor Salvador ME'),
  (15, '99654321000160', 'Fornecedor POA Ltda');

INSERT INTO funcionario (id_funcionario, matricula, nome, cpf, salario, setor, turno, funcao, id_supervisor) VALUES 
  (1, 'EMP000001', 'João Supervisor', '27065330052', 8000.00, 'Administração', 'Manhã', 'Gerente de Loja', NULL), 
  (2, 'EMP000002', 'Maria Silva', '39825433043', 3000.00, 'Caixa', 'Manhã', 'Caixa', 1),
  (3, 'EMP000003', 'Carlos Souza', '96152518016', 3200.00, 'Estoque', 'Noite', 'Repositor', 1),
  (4, 'EMP000004', 'Ana Paula', '71215577036', 3500.00, 'Padaria', 'Tarde', 'Padeiro', 1),
  (5, 'EMP000005', 'Lucas Mendes', '14780616000', 2800.00, 'Açougue', 'Noite', 'Açougueiro', 1);

INSERT INTO produto (codigo_categoria, qtd_estoque, cod_ea, preco, nome) VALUES 
  ('Hortifruti', 100, '7891234567001', 3.99, 'Maçã Fuji 1kg'),
  ('Limpeza', 80, '7891234567002', 7.49, 'Desinfetante Lavanda 1L'),
  ('Eletrodomésticos', 20, '7891234567003', 249.90, 'Ventilador Arno Turbo 40cm'),
  ('Grãos', 150, '7891234567004', 6.59, 'Arroz Integral 1kg'),
  ('Laticínios', 90, '7891234567005', 4.79, 'Leite Integral 1L'),
  ('Padaria', 60, '7891234567006', 6.99, 'Pão Francês 1kg'),
  ('Higiene', 75, '7891234567007', 3.25, 'Sabonete Neutro 90g'),
  ('Bebidas', 120, '7891234567008', 5.99, 'Suco de Laranja 1L'),
  ('Carnes', 50, '7891234567009', 29.90, 'Frango Congelado 1kg'),
  ('Congelados', 40, '7891234567010', 19.99, 'Lasanha Congelada 600g'),
  ('Mercearia', 110, '7891234567011', 2.99, 'Macarrão Espaguete 500g'),
  ('Hortifruti', 8, '7891234567013', 2.50, 'Banana Prata 1kg'),
  ('Limpeza', 6, '7891234567014', 9.99, 'Álcool Gel 70% 500ml'),
  ('Eletrodomésticos', 15, '7891234567015', 179.90, 'Liquidificador Philips 2L'),
  ('Grãos', 5, '7891234567016', 8.99, 'Feijão Carioca 1kg'),
  ('Laticínios', 12, '7891234567017', 7.99, 'Queijo Mussarela 500g'),
  ('Padaria', 3, '7891234567018', 10.00, 'Bolo de Chocolate 400g'),
  ('Higiene', 20, '7891234567019', 5.00, 'Creme Dental Sorriso 90g'),
  ('Bebidas', 1, '7891234567020', 12.99, 'Vinho Tinto Cabernet 750ml'),
  ('Carnes', 7, '7891234567021', 49.90, 'Carne Bovina Patinho 1kg'),
  ('Congelados', 9, '7891234567022', 14.99, 'Hambúrguer Congelado 300g'),
  ('Mercearia', 25, '7891234567023', 3.79, 'Açúcar Cristal 1kg'),
  ('Pet Shop', 4, '7891234567024', 15.00, 'Petisco para Cães 100g'),
  ('Hortifruti', 55, '7891234567025', 1.99, 'Cenoura 1kg'),
  ('Limpeza', 30, '7891234567026', 4.50, 'Detergente Líquido 500ml'),
  ('Eletrodomésticos', 10, '7891234567027', 349.90, 'Micro-ondas Electrolux 20L'),
  ('Grãos', 95, '7891234567028', 5.50, 'Milho para Pipoca 1kg'),
  ('Laticínios', 40, '7891234567029', 6.25, 'Iogurte Natural 1kg'),
  ('Padaria', 13, '7891234567030', 7.50, 'Croissant Recheado 100g'),
  ('Higiene', 50, '7891234567031', 11.00, 'Shampoo Seda 325ml'),
  ('Bebidas', 85, '7891234567032', 3.50, 'Refrigerante Guaraná 2L'),
  ('Carnes', 28, '7891234567033', 35.00, 'Carne Suína Lombo 1kg'),
  ('Congelados', 17, '7891234567034', 22.00, 'Peixe Congelado 1kg'),
  ('Mercearia', 18, '7891234567035', 9.00, 'Óleo de Soja 900ml'),
  ('Pet Shop', 11, '7891234567036', 45.00, 'Areia Sanitária para Gatos 2kg'),
  ('Hortifruti', 9, '7891234567037', 3.00, 'Tomate Italiano 1kg'),
  ('Limpeza', 7, '7891234567038', 13.99, 'Água Sanitária 1L'),
  ('Eletrodomésticos', 2, '7891234567039', 599.90, 'Aspirador de Pó Electrolux'),
  ('Grãos', 4, '7891234567040', 12.99, 'Quinoa 500g'),
  ('Laticínios', 6, '7891234567041', 8.50, 'Manteiga com Sal 200g'),
  ('Padaria', 10, '7891234567042', 15.00, 'Torta de Frango 500g'),
  ('Higiene', 3, '7891234567043', 7.90, 'Desodorante Rexona 150ml'),
  ('Bebidas', 5, '7891234567044', 8.50, 'Cerveja Lager 350ml'),
  ('Carnes', 2, '7891234567045', 99.90, 'Picanha Bovina 1kg'),
  ('Congelados', 14, '7891234567046', 18.00, 'Nuggets de Frango 400g'),
  ('Mercearia', 23, '7891234567047', 4.25, 'Sal Refinado 1kg'),
  ('Pet Shop', 7, '7891234567048', 12.99, 'Brinquedo para Gatos'),
  ('Hortifruti', 100, '7891234567049', 2.99, 'Laranja Baía 1kg'),
  ('Limpeza', 18, '7891234567050', 14.50, 'Pano Multiuso 3un'),
  ('Eletrodomésticos', 12, '7891234567051', 399.00, 'Cafeteira Nespresso'),
  ('Grãos', 29, '7891234567052', 7.49, 'Lentilha 1kg'),
  ('Laticínios', 35, '7891234567053', 3.99, 'Requeijão Cremoso 200g'),
  ('Padaria', 22, '7891234567054', 6.50, 'Pão de Queijo 300g'),
  ('Higiene', 16, '7891234567055', 4.99, 'Fio Dental 50m'),
  ('Bebidas', 13, '7891234567056', 4.20, 'Água Mineral 500ml'),
  ('Carnes', 20, '7891234567057', 24.90, 'Peito de Frango 1kg'),
  ('Congelados', 27, '7891234567058', 16.00, 'Espinafre Congelado 300g'),
  ('Mercearia', 31, '7891234567059', 3.50, 'Farinha de Trigo 1kg'),
  ('Pet Shop', 9, '7891234567060', 29.99, 'Shampoo para Cães 500ml'),
  ('Hortifruti', 4, '7891234567061', 3.49, 'Abacate 1un'),
  ('Limpeza', 7, '7891234567062', 6.99, 'Sabão em Pó 1kg'),
  ('Eletrodomésticos', 2, '7891234567063', 159.90, 'Ferro de Passar Philips'),
  ('Grãos', 100, '7891234567064', 5.99, 'Arroz Branco Tipo 1 5kg'),
  ('Laticínios', 9, '7891234567065', 4.59, 'Iogurte Grego 150g'),
  ('Padaria', 25, '7891234567066', 7.25, 'Pão Integral 500g'),
  ('Higiene', 3, '7891234567067', 10.99, 'Creme Hidratante 200ml'),
  ('Bebidas', 8, '7891234567068', 11.99, 'Energético 250ml'),
  ('Carnes', 12, '7891234567069', 34.90, 'Filé de Tilápia 500g'),
  ('Congelados', 14, '7891234567070', 25.00, 'Pizza Congelada 400g'),
  ('Mercearia', 6, '7891234567071', 3.20, 'Achocolatado 400g'),
  ('Pet Shop', 11, '7891234567072', 32.00, 'Ração para Gatos 2kg'),
  ('Hortifruti', 13, '7891234567073', 2.80, 'Pepino 1un'),
  ('Limpeza', 4, '7891234567074', 8.50, 'Detergente Neutro 1L'),
  ('Eletrodomésticos', 9, '7891234567075', 499.00, 'Mixer Electrolux'),
  ('Grãos', 50, '7891234567076', 7.00, 'Trigo para Kibe 1kg'),
  ('Laticínios', 17, '7891234567077', 9.99, 'Requeijão Light 300g'),
  ('Padaria', 3, '7891234567078', 18.00, 'Rosca Doce 400g'),
  ('Higiene', 20, '7891234567079', 12.50, 'Loção Pós-Barba 100ml'),
  ('Bebidas', 2, '7891234567080', 45.00, 'Whisky 1L'),
  ('Carnes', 5, '7891234567081', 27.90, 'Linguiça Toscana 1kg'),
  ('Congelados', 10, '7891234567082', 21.00, 'Hambúrguer Vegano 300g'),
  ('Mercearia', 21, '7891234567083', 4.70, 'Molho de Tomate 340g'),
  ('Pet Shop', 15, '7891234567084', 9.90, 'Coleira para Cães'),
  ('Hortifruti', 18, '7891234567085', 4.50, 'Abobrinha 1kg'),
  ('Limpeza', 1, '7891234567086', 15.99, 'Água Sanitária 5L'),
  ('Eletrodomésticos', 14, '7891234567087', 299.00, 'Batedeira Arno 5 Velocidades'),
  ('Grãos', 7, '7891234567088', 5.99, 'Aveia em Flocos 500g'),
  ('Laticínios', 6, '7891234567089', 7.20, 'Creme de Leite 200g'),
  ('Padaria', 22, '7891234567090', 8.50, 'Baguete 300g'),
  ('Higiene', 19, '7891234567091', 6.75, 'Papel Higiênico 4un'),
  ('Bebidas', 30, '7891234567092', 4.50, 'Suco de Uva 1L'),
  ('Carnes', 3, '7891234567093', 49.99, 'Contra Filé 1kg'),
  ('Congelados', 16, '7891234567094', 12.99, 'Legumes Congelados 500g'),
  ('Mercearia', 8, '7891234567095', 10.00, 'Café Torrado 500g'),
  ('Pet Shop', 2, '7891234567096', 19.90, 'Arranhador para Gatos'),
  ('Hortifruti', 11, '7891234567097', 5.00, 'Morango 500g'),
  ('Limpeza', 10, '7891234567098', 7.99, 'Detergente Cremoso 500ml'),
  ('Eletrodomésticos', 13, '7891234567099', 199.90, 'Chaleira Elétrica 1.7L'),
  ('Grãos', 15, '7891234567100', 4.50, 'Grão de Bico 1kg'),
  ('Laticínios', 14, '7891234567101', 3.75, 'Leite Condensado 395g'),
  ('Padaria', 5, '7891234567102', 9.00, 'Pão de Forma Integral 500g'),
  ('Higiene', 21, '7891234567103', 11.50, 'Sabonete Líquido 300ml'),
  ('Bebidas', 7, '7891234567104', 6.00, 'Chá Mate 1L'),
  ('Carnes', 8, '7891234567105', 18.90, 'Peito de Peru Fatiado 200g'),
  ('Congelados', 4, '7891234567106', 13.00, 'Esfirra Congelada 350g'),
  ('Mercearia', 23, '7891234567107', 2.50, 'Fermento em Pó 100g'),
  ('Pet Shop', 1, '7891234567108', 22.00, 'Comedouro para Cães'),
  ('Hortifruti', 9, '7891234567109', 6.00, 'Pêssego 1kg'),
  ('Limpeza', 12, '7891234567110', 5.90, 'Limpador Multiuso 500ml'),
  ('Eletrodomésticos', 17, '7891234567111', 399.90, 'Forno Elétrico 30L'),
  ('Grãos', 6, '7891234567112', 6.75, 'Centeio em Grão 1kg'),
  ('Laticínios', 7, '7891234567113', 8.25, 'Iogurte Grego Light 150g'),
  ('Padaria', 4, '7891234567114', 12.00, 'Folar Tradicional 600g'),
  ('Higiene', 8, '7891234567115', 9.50, 'Pasta Dental Anticárie 90g'),
  ('Bebidas', 10, '7891234567116', 7.50, 'Suco Detox 500ml'),
  ('Carnes', 1, '7891234567117', 55.00, 'Costela Bovina 1kg'),
  ('Congelados', 5, '7891234567118', 20.00, 'Camarão Congelado 500g'),
  ('Mercearia', 16, '7891234567119', 3.99, 'Tempero Completo 200g'),
  ('Pet Shop', 6, '7891234567120', 14.90, 'Cama para Cães Média');

INSERT INTO fisico (fk_cliente_id, nome, cpf) VALUES 
  (6, 'João da Silva', '38687054068'),
  (7, 'Maria Oliveira', '50224698044'),
  (8, 'Carlos Souza', '75248582059');

INSERT INTO juridico (fk_cliente_id, inscr_estadual, cnpj, razao_social)VALUES 
  (9, '123456789', '28574659000170', 'Construtora Palmas Ltda'),
  (10, '102045620', '98765432000122', 'Consultoria Soluções S/A');
  
INSERT INTO telefone (numero, id_telefone) VALUES
  ('(11) 99999-0001', 1), 
  ('(21) 98888-0002', 2),  
  ('(41) 97777-0003', 3),  
  ('(21) 96666-0004', 4),  
  ('(11) 95555-0005', 5),  
  ('(51) 94444-0006', 6),  
  ('(61) 93333-0007', 7),  
  ('(81) 92222-0008', 8),  
  ('(85) 91111-0009', 9),  
  ('(71) 90000-0010', 10),
  ('(81) 90000-1111', 11),
  ('(11) 90000-2222', 12),
  ('(41) 90000-3333', 13),
  ('(71) 90000-4444', 14),
  ('(51) 90000-5555', 15);
 
INSERT INTO usuario (nome, senha, cargo) VALUES
  ('EMP000001', '27065330052', 'Gerente de Loja'),
  ('EMP000002', '39825433043', 'Caixa'),
  ('EMP000003', '96152518016', 'Repositor'),
  ('EMP000004', '71215577036', 'Padeiro'),
  ('EMP000005', '14780616000', 'Açougueiro');
  
INSERT INTO compra (data, hora, parcelas, tipo, qtd_produto, fk_produto_id, fk_cliente_id, fk_operacional_id_funcionario) VALUES
  ('2024-05-01', '10:30:00', 1, 'Crédito', 2, 1, 6, 2),
  ('2024-05-02', '11:00:00', 2, 'Débito', 1, 2, 7, 3),
  ('2024-05-03', '12:15:00', 1, 'Dinheiro', 3, 3, 8, 4),
  ('2024-05-04', '13:45:00', 1, 'Crédito', 1, 4, 9, 5),
  ('2024-05-05', '14:20:00', 3, 'Crédito', 2, 5, 10, 2);
  
INSERT INTO entrega (fk_fornecedor_id, fk_produto_id, qnt_fornecida, valor_pago, data_reposicao) VALUES
  (11, 1, 50, 180.00, '2024-05-01'),
  (12, 2, 40, 280.00, '2024-05-02'),
  (13, 3, 10, 2200.00, '2024-05-03'),
  (14, 6, 20, 120.00, '2024-05-04'),
  (15, 9, 15, 448.50, '2024-05-05');
